{"cameraMode":{"drawMode":0,"name":"Shaded","section":"Shading Mode"},"sceneLighting":true,"audioPlay":false,"sceneViewState":{"showFog":false,"showMaterialUpdate":false,"showSkybox":false,"showFlares":false,"showImageEffects":false,"showParticleSystems":false},"in2DMode":false,"pivot":{"x":78.49612426757813,"y":21.99183464050293,"z":58.09972381591797},"rotation":{"x":0.14569753408432008,"y":-0.42340168356895449,"z":0.06919661164283753,"w":0.8914856910705566},"size":5.02363920211792,"orthographic":false}