{"cameraMode":{"drawMode":0,"name":"Shaded","section":"Shading Mode"},"sceneLighting":false,"audioPlay":false,"sceneViewState":{"showFog":false,"showMaterialUpdate":false,"showSkybox":false,"showFlares":false,"showImageEffects":false,"showParticleSystems":false},"in2DMode":false,"pivot":{"x":-0.059725046157836917,"y":0.842150092124939,"z":-48.889530181884769},"rotation":{"x":0.08906829357147217,"y":-0.13345195353031159,"z":0.012042758986353875,"w":0.9869727492332459},"size":1.7515869140625,"orthographic":false}